cte,steering_angle,error
0.7598,-0.306959,0.577296
0.7598,-0.308479,0.577296
0.7598,-0.309998,0.577296
0.7598,-0.311518,0.577296
0.7598,-0.313038,0.577296
0.7598,-0.314557,0.577296
0.7597,-0.315537,0.577274
0.7593,-0.315395,0.577182
0.7586,-0.315132,0.576992
0.7578,-0.315828,0.576719
0.7568,-0.315942,0.576358
0.7556,-0.315973,0.575906
0.7542,-0.315921,0.575361
0.7526,-0.315786,0.574721
0.7507,-0.315028,0.573976
0.7493,-0.318466,0.573193
0.747,-0.31454,0.5723
0.7444,-0.313489,0.571291
0.7416,-0.312852,0.570169
0.7384,-0.311049,0.568922
0.736,-0.315561,0.567626
0.7322,-0.308506,0.566193
0.7279,-0.305741,0.564613
0.7233,-0.303848,0.562886
0.7182,-0.300744,0.561003
0.7145,-0.307693,0.559061
0.7063,-0.283326,0.556831
0.7017,-0.300889,0.554529
0.6945,-0.286398,0.55204
0.6864,-0.280031,0.549343
0.6805,-0.290032,0.54656
0.6713,-0.271195,0.543563
0.661,-0.262897,0.540331
0.65,-0.256297,0.536866
0.6382,-0.248853,0.533164
0.6256,-0.241064,0.529225
0.6121,-0.232389,0.525048
0.5227,0.181826,0.518421
0.509,-0.192212,0.511771
0.4998,-0.212032,0.505222
0.4764,-0.132624,0.498435
0.4317,-0.00910781,0.491005
0.4083,-0.107064,0.483463
0.3873,-0.111439,0.475884
0.3729,-0.139425,0.468399
0.35,-0.0884648,0.46088
0.3272,-0.0804992,0.453352
0.3086,-0.0946764,0.445891
0.3001,-0.142377,0.438629
0.2829,-0.0925624,0.431457
0.2539,-0.0224702,0.424261
0.2283,-0.0296868,0.417105
0.2073,-0.0447014,0.410045
0.1949,-0.0831312,0.403155
0.1771,-0.0493654,0.396396
0.1585,-0.0382424,0.389766
0.1393,-0.027841,0.383268
0.12,-0.019861,0.376908
0.1007,-0.0123424,0.370692
0.0878,-0.039358,0.364642
0.0686,-0.000315204,0.358742
0.0486,0.0115876,0.352994
0.0354,-0.0172032,0.34741
0.0161,0.0209846,0.341986
-0.0035,0.0303316,0.336725
-0.0164,0.0020244,0.331627
-0.0349,0.0374942,0.326696
-0.0535,0.0455412,0.321933
-0.0715,0.0498842,0.317342
-0.0885,0.0518612,0.31292
-0.1046,0.0540104,0.308667
-0.1149,0.0293602,0.304563
-0.1295,0.0569592,0.300621
-0.1392,0.0366176,0.29682
-0.1529,0.0624034,0.293175
-0.1662,0.0660558,0.28968
-0.1784,0.0657926,0.286332
-0.1857,0.044584,0.283103
-0.1957,0.0624754,0.280004
-0.2051,0.0636456,0.27703
-0.2136,0.0629728,0.274173
-0.2208,0.0597944,0.271424
-0.2248,0.045844,0.268763
-0.23,0.054384,0.266193
-0.2344,0.0526128,0.263708
-0.2376,0.048368,0.261298
-0.2399,0.0452678,0.258956
-0.2408,0.0391094,0.256672
-0.2414,0.0383322,0.254443
-0.2412,0.0347346,0.252262
-0.24,0.0297346,0.250123
-0.238,0.0254106,0.24802
-0.2352,0.020761,0.245948
-0.2317,0.0163244,0.243902
-0.229,0.0197024,0.241887
-0.2246,0.0098916,0.239893
-0.2195,0.0047906,0.237916
-0.2139,0.000478399,0.235956
-0.208,-0.0029656,0.234009
-0.2018,-0.0050224,0.232076
-0.1955,-0.0061318,0.230157
-0.1911,0.00351,0.228259
-0.1821,-0.0212062,0.226364
-0.1773,-0.000252001,0.22449
-0.1703,-0.0121918,0.222628
-0.163,-0.0147662,0.220779
-0.1554,-0.017476,0.218941
-0.1503,-0.0051968,0.217123
-0.1402,-0.0324392,0.215311
-0.135,-0.0082336,0.21352
-0.1276,-0.0204248,0.211743
-0.1199,-0.0232538,0.209981
-0.1122,-0.024601,0.208234
-0.1046,-0.0254266,0.206503
-0.0973,-0.0251506,0.20479
-0.0902,-0.0253116,0.203094
-0.0833,-0.025411,0.201418
-0.0765,-0.0259892,0.199761
-0.0705,-0.022765,0.198124
-0.058,-0.0586722,0.196501
-0.0411,-0.085878,0.194891
-0.0204,-0.111653,0.193297
0.0022,-0.128741,0.191725
0.0239,-0.131523,0.190184
0.0415,-0.116709,0.188676
0.0551,-0.10083,0.187203
0.0623,-0.0704224,0.185759
0.0734,-0.0931058,0.18435
0.0778,-0.0601324,0.182968
0.0825,-0.0623046,0.181613
0.0858,-0.0554352,0.180283
0.0878,-0.0485682,0.178975
0.0887,-0.0422836,0.177689
0.0885,-0.0355806,0.176421
0.0876,-0.0306194,0.175171
0.0866,-0.0286414,0.173938
0.0848,-0.0228668,0.172721
0.0827,-0.0196468,0.171519
0.0804,-0.0168696,0.170332
0.0781,-0.0151062,0.169158
0.0757,-0.0128448,0.167999
0.0735,-0.0122484,0.166854
0.0715,-0.0117748,0.165723
0.0702,-0.0141206,0.164607
0.068,-0.0081308,0.163503
0.067,-0.0131648,0.162414
0.0658,-0.011162,0.161339
0.0648,-0.0112744,0.160277
0.064,-0.0114822,0.159229
0.0634,-0.0118032,0.158194
0.0631,-0.0128016,0.157173
0.0631,-0.0139712,0.156165
0.0632,-0.014223,0.15517
0.0634,-0.01454,0.154189
0.0638,-0.0154734,0.15322
0.0643,-0.015985,0.152265
0.0649,-0.0165762,0.151322
0.0656,-0.0172474,0.150391
0.0661,-0.0163782,0.149473
0.0668,-0.0176162,0.148567
0.0676,-0.0184342,0.147672
0.0684,-0.0187938,0.146789
0.069,-0.018101,0.145918
0.0697,-0.0189882,0.145058
0.0719,-0.027519,0.14421
0.0824,-0.0734166,0.143382
0.0959,-0.0940782,0.142579
0.1159,-0.134917,0.14181
0.131,-0.116862,0.141073
0.1489,-0.138497,0.140373
0.1615,-0.117569,0.139705
0.1685,-0.0929358,0.139058
0.1702,-0.0677152,0.138421
0.1679,-0.0474094,0.137788
0.1648,-0.0428048,0.137156
0.1586,-0.0254744,0.136519
0.151,-0.0160932,0.135877
0.1426,-0.0093898,0.135228
0.1367,-0.0201946,0.134577
0.1253,0.0112046,0.133916
0.1195,-0.0151416,0.133255
0.1116,-0.0021464,0.132591
0.1042,-0.0023444,0.131926
0.0994,-0.0140832,0.131263
0.0928,-0.0030976,0.1306
0.0865,-0.0027258,0.129938
0.0806,-0.0030068,0.129278
0.0772,-0.0147828,0.128622
0.0712,-8.0005e-06,0.127968
0.0685,-0.0160474,0.127319
0.0652,-0.0123378,0.126675
0.0621,-0.012698,0.126035
0.0603,-0.019069,0.125401
0.0577,-0.0146078,0.124772
0.0552,-0.0146762,0.124148
0.0529,-0.0153112,0.123529
0.0507,-0.0154716,0.122915
0.0494,-0.0199782,0.122306
0.0475,-0.0167292,0.121703
0.0456,-0.016464,0.121105
0.0477,-0.0377904,0.120514
0.0601,-0.0947528,0.119935
0.081,-0.146139,0.119376
0.1065,-0.179907,0.118847
0.1204,-0.128048,0.118338
0.1335,-0.129881,0.11785
0.1392,-0.0957502,0.117374
0.1386,-0.064588,0.116902
0.1324,-0.0346532,0.116427
0.1224,-0.012168,0.115944
0.1145,-0.0199922,0.115456
0.1022,0.0064836,0.114961
0.0891,0.015321,0.114458
0.0762,0.0191194,0.113951
0.0645,0.0174758,0.11344
0.0543,0.0137668,0.112929
0.0485,-0.0061768,0.112419
0.041,0.0050882,0.111911
0.0345,0.0024782,0.111405
0.029,-0.000495801,0.110903
0.0248,-0.0054476,0.110404
0.0218,-0.010332,0.109909
0.0203,-0.0172682,0.109418
0.0186,-0.0155776,0.108931
0.0172,-0.016469,0.108448
0.0161,-0.017451,0.107969
0.0153,-0.018537,0.107495
0.0149,-0.02026,0.107024
0.0142,-0.0183528,0.106558
0.0136,-0.018475,0.106095
0.013,-0.0180894,0.105637
0.0126,-0.018779,0.105182
0.012,-0.0173856,0.104731
0.0128,-0.0245542,0.104284
-0.0355,0.240512,0.103846
0.0429,-0.424261,0.103414
0.0831,-0.249337,0.103006
0.1082,-0.183928,0.102623
0.1319,-0.186511,0.102266
0.1457,-0.142666,0.101929
0.1455,-0.072726,0.101593
0.1379,-0.0328148,0.101252
0.1188,0.0322306,0.100894
0.1005,0.03549,0.100522
0.0884,0.0092892,0.100143
0.072,0.0373392,0.0997571
0.0566,0.0385176,0.0993662
0.0431,0.034461,0.098973
0.0356,0.0075178,0.0985807
0.0268,0.017611,0.0981892
0.02,0.0104172,0.0977996
0.0165,-0.0045896,0.0974126
0.013,-0.0030892,0.0970282
0.0108,-0.008604,0.0966467
0.0099,-0.0146362,0.0962681
0.0101,-0.0201078,0.0958924
0.0107,-0.0222394,0.0955197
0.0117,-0.0245316,0.09515
0.0129,-0.0259052,0.0947833
0.0139,-0.0251994,0.0944195
0.0145,-0.0233332,0.0940585
0.0152,-0.0240068,0.0937004
0.0155,-0.0220198,0.0933451
0.0155,-0.0204114,0.0929924
0.0154,-0.0197584,0.0926424
0.015,-0.0179636,0.0922949
0.0144,-0.0165606,0.09195
0.0136,-0.015036,0.0916076
0.0154,-0.0285248,0.091268
0.0541,-0.228315,0.0909408
0.0642,-0.0891606,0.0906204
0.1083,-0.27668,0.0903304
0.1347,-0.198669,0.090066
0.1616,-0.211917,0.0898326
0.174,-0.144395,0.089616
0.1726,-0.074863,0.0893992
0.1595,-0.01114,0.0891683
0.1462,-0.0048272,0.0889245
0.1237,0.0501988,0.0886606
0.0994,0.0689706,0.0883792
0.0836,0.0328624,0.0880896
0.0629,0.0657398,0.0877912
0.0448,0.0600986,0.0874881
0.0347,0.024268,0.0871843
0.0233,0.035467,0.0868803
0.0154,0.0212692,0.0865773
0.0119,0.000806599,0.0862762
0.0094,-0.0030578,0.0859769
0.009,-0.0132734,0.0856797
0.01,-0.0205564,0.0853846
0.0122,-0.0273304,0.0850917
0.0142,-0.0270346,0.084801
0.0173,-0.0336886,0.0845126
0.0203,-0.0343138,0.0842265
0.023,-0.0338294,0.0839428
0.0244,-0.0278324,0.0836612
0.0258,-0.0283426,0.0833818
0.0357,-0.0747752,0.0831062
0.0426,-0.0625254,0.0828344
0.063,-0.13822,0.0825715
0.083,-0.144291,0.08232
0.0964,-0.116723,0.0820782
0.1005,-0.0719024,0.0818407
0.1003,-0.05031,0.0816046
0.0942,-0.0183176,0.0813661
0.0877,-0.013626,0.0811253
0.0761,0.0166402,0.0808799
0.0629,0.0300716,0.0806302
0.0499,0.0344366,0.0803773
0.0384,0.0317046,0.0801228
0.0322,0.0078492,0.0798685
0.0251,0.0153434,0.0796145
0.0201,0.0069814,0.0793614
0.0179,-0.006022,0.0791097
0.0162,-0.0077454,0.0788594
0.016,-0.0150888,0.0786107
0.0166,-0.019265,0.0783636
0.0182,-0.0248594,0.0781182
0.0202,-0.0276308,0.0778746
0.0224,-0.0294976,0.0776328
0.0238,-0.0260556,0.0773927
0.0266,-0.0341852,0.0771545
-0.0759,0.533507,0.0769335
0.0844,-0.844744,0.076718
0.1255,-0.265401,0.0765304
0.193,-0.424755,0.07641
0.2421,-0.352848,0.0763555
0.2662,-0.237991,0.0763388
0.2675,-0.125018,0.0763242
0.2531,-0.0412366,0.0762871
0.2248,0.0391598,0.0762093
0.1884,0.0938682,0.0760866
0.15,0.118952,0.0759257
0.1145,0.118449,0.0757376
0.085,0.100008,0.0755331
0.0629,0.0718078,0.0753201
0.0524,0.0180692,0.0751048
0.042,0.0218616,0.0748878
0.0359,0.0029936,0.0746707
0.0339,-0.0164828,0.0744544
0.0334,-0.0235586,0.0742394
0.0349,-0.0339526,0.0740258
0.0374,-0.0397898,0.0738141
0.0393,-0.0374274,0.073604
0.0418,-0.0413342,0.0733957
0.0437,-0.0390376,0.0731891
0.0445,-0.0338334,0.0729839
0.0447,-0.0309166,0.0727799
0.0439,-0.0256132,0.0725769
0.0427,-0.023165,0.0723748
0.0404,-0.0167858,0.0721732
0.0375,-0.0126678,0.0719722
0.0353,-0.0153324,0.0717718
0.032,-0.0085548,0.071572
0.0286,-0.0067322,0.0713727
0.0265,-0.012425,0.0711741
0.0238,-0.0083712,0.0709764
0.055,-0.190438,0.0707866
0.0837,-0.189559,0.0706089
0.0997,-0.132631,0.0704404
0.1683,-0.423379,0.0703237
0.2084,-0.297305,0.0702494
0.2474,-0.307869,0.0702245
0.2615,-0.189501,0.0702194
0.2579,-0.100046,0.0702093
0.2371,-0.00617,0.0701711
0.2028,0.0746732,0.0700919
0.1758,0.0486488,0.0699854
0.1357,0.129948,0.0698457
0.1096,0.0702772,0.0696894
0.0752,0.125515,0.0695168
0.0461,0.11078,0.0693356
0.0306,0.0491878,0.0691522
0.0144,0.0594622,0.0689679
0.0047,0.0311808,0.068784
0.0013,0.0013834,0.0686011
0.0022,-0.020162,0.0684191
0.0079,-0.0461654,0.0682383
0.0245,-0.107107,0.0680598
0.0716,-0.278391,0.0678942
0.1243,-0.327553,0.0677566
0.1524,-0.215972,0.06764
0.177,-0.208576,0.0675452
0.1836,-0.121514,0.0674571
0.1793,-0.065606,0.0673654
0.1625,0.0033198,0.0672593
0.1463,0.006531,0.0671408
0.119,0.0727318,0.0670042
0.0894,0.095911,0.0668525
0.0704,0.0503902,0.0666938
0.0461,0.0865424,0.0665287
0.026,0.0735588,0.0663607
0.0114,0.0519106,0.0661922
0.0053,0.0118806,0.0660242
0.0009,0.0051848,0.0658571
0.0003,-0.013527,0.0656908
-0.0071,0.0234988,0.0655254
-0.0974,0.474385,0.0653846
0.1157,-1,0.0652543
0.2411,-0.740017,0.0652365
0.331,-0.598973,0.065347
0.4515,-0.800884,0.0656916
0.5428,-0.692288,0.0662597
0.582,-0.448432,0.0669341
0.6006,-0.353884,0.0676595
0.5973,-0.244084,0.0683716
0.5623,-0.072556,0.0689804
0.5012,0.0815074,0.0694271
0.4241,0.191599,0.0696971
0.37,0.0975758,0.069861
0.2942,0.235872,0.0699016
0.2467,0.112929,0.0698797
0.1856,0.205038,0.0697939
0.1341,0.177405,0.0696687
0.1064,0.0693048,0.0695281
0.0765,0.0921438,0.0693751
0.0566,0.0500238,0.0692164
0.0485,-0.0057968,0.0690564
0.0429,-0.0161022,0.068896
0.0422,-0.0403618,0.0687362
0.0437,-0.0520016,0.0685775
0.047,-0.0623624,0.0684202
0.0493,-0.0585328,0.0682642
0.0519,-0.0610078,0.0681095
0.0529,-0.0532626,0.0679559
0.0528,-0.0474422,0.0678029
0.0516,-0.0410812,0.0676503
0.0482,-0.0282852,0.0674977
0.043,-0.0167562,0.0673447
0.0387,-0.0191074,0.0671915
0.0318,-0.0029614,0.067038
0.0373,-0.0668592,0.066886
0.164,-0.723567,0.0667937
0.1052,0.227471,0.0666653
0.1659,-0.39447,0.0665753
0.2031,-0.292131,0.0665172
0.2327,-0.266331,0.0664889
0.2619,-0.276451,0.0664937
0.2622,-0.132524,0.0664988
0.2529,-0.0812418,0.0664931
0.2263,0.0155124,0.0664584
0.1884,0.0868654,0.0663884
0.1601,0.04994,0.0662964
0.1191,0.12968,0.066179
0.0798,0.136824,0.0660446
0.0566,0.0655786,0.0659037
0.0291,0.0981094,0.0657581
0.0538,-0.172789,0.0656178
0.123,-0.423127,0.0655054
0.19,-0.439222,0.06544
0.2718,-0.546404,0.0654587
0.3103,-0.34585,0.0655269
0.3371,-0.298674,0.0656331
0.3372,-0.165824,0.065739
0.3161,-0.051959,0.0658141
0.2907,-0.0208274,0.0658551
0.2435,0.106613,0.0658408
0.2079,0.0625474,0.0657914
0.1725,0.0755298,0.0657129
0.1205,0.179288,0.0656016
0.0708,0.187863,0.0654702
0.042,0.095216,0.0653323
0.0188,0.0769532,0.0651919
-0.009,0.111614,0.0650516
-0.0235,0.051477,0.0649129
-0.0376,0.0556664,0.0647766
-0.0425,0.012117,0.0646418
-0.0408,-0.0211298,0.0645072
0.0382,-0.439035,0.0643728
0.1382,-0.584092,0.0642765
0.2734,-0.814568,0.0642987
0.3765,-0.695969,0.0644628
0.4219,-0.426412,0.0647028
0.449,-0.346621,0.0649916
0.444,-0.185,0.0652698
0.4247,-0.106626,0.0655116
0.377,0.053704,0.0656723
0.3357,0.0375684,0.0657706
0.2693,0.189139,0.0657847
0.1766,0.357509,0.0657127
0.1122,0.241793,0.0656022
0.0944,0.016029,0.0654846
0.0933,-0.0668636,0.065367
0.1297,-0.268816,0.0652667
0.1715,-0.31252,0.0651928
0.2225,-0.37904,0.0651605
0.2457,-0.249519,0.0651507
0.2592,-0.206699,0.0651549
0.2515,-0.0979436,0.065151
0.2367,-0.0568562,0.0651324
0.2165,-0.022117,0.0650952
0.1927,0.0050696,0.0650383
0.1665,0.0272394,0.0649626
0.1389,0.0450122,0.0648702
0.0966,0.135241,0.064758
0.0687,0.074264,0.0646369
0.0325,0.130165,0.064509
0.0119,0.0601862,0.0643798
-0.005,0.0486876,0.0642508
-0.0252,0.0738002,0.0641236
-0.0357,0.0302336,0.0639981
-0.0458,0.0332682,0.0638748
-0.0493,0.0028524,0.0637527
-0.0503,-0.007983,0.0636312
-0.0487,-0.0203244,0.0635099
-0.0458,-0.0266982,0.0633885
0.0432,-0.49176,0.0632672
0.1109,-0.411559,0.0631668
0.3041,-1,0.0632244
0.4169,-0.759313,0.0634412
0.5134,-0.716852,0.0638329
0.6185,-0.802635,0.0644554
0.6591,-0.497322,0.0651765
0.6706,-0.357495,0.0659247
0.6501,-0.190383,0.0666173
0.6133,-0.0952362,0.0672171
0.5065,0.296584,0.0675833
0.4403,0.11928,0.0678271
0.3413,0.322284,0.0679209
0.2466,0.338255,0.0679072
0.1901,0.169562,0.0678462
0.1226,0.251411,0.067745
0.0863,0.109857,0.0676298
0.0689,0.0222828,0.0675097
0.099,-0.227349,0.0673998
0.1376,-0.285459,0.0673077
0.1727,-0.282241,0.0672366
0.2008,-0.258786,0.0671856
0.2213,-0.229343,0.0671512
0.238,-0.217422,0.0671313
0.2401,-0.145678,0.0671135
0.2364,-0.115596,0.0670924
0.22,-0.0456484,0.0670573
0.2032,-0.0371244,0.067009
0.1835,-0.0147796,0.0669467
0.1617,0.0045232,0.0668706
0.126,0.0885166,0.0667756
0.1012,0.044258,0.0666706
0.1371,-0.273352,0.0665817
0.2236,-0.560893,0.066551
0.3114,-0.602683,0.0666073
0.3863,-0.568539,0.0667597
0.4664,-0.627192,0.0670374
0.4966,-0.390527,0.0673675
0.5033,-0.276554,0.0677086
0.4861,-0.151033,0.0680174
0.4373,0.0256708,0.0682427
0.3679,0.155803,0.0683651
0.3161,0.0881364,0.0684226
0.2652,0.103846,0.0684261
0.1907,0.251808,0.0683679
0.1426,0.139384,0.0682809
0.0812,0.230955,0.0681693
0.0466,0.111377,0.0680502
0.0071,0.152295,0.0679277
-0.0123,0.0601606,0.0678058
-0.0265,0.0403806,0.0676853
-0.0367,0.0249498,0.0675664
-0.0464,0.0267676,0.0674494
-0.0494,-0.0051926,0.0673333
-0.05,-0.016711,0.0672177
-0.0486,-0.0270898,0.0671023
-0.046,-0.0340002,0.0669869
-0.0288,-0.113841,0.0668696
0.0537,-0.473495,0.0667563
0.1569,-0.618664,0.0666819
0.2568,-0.642723,0.0666806
0.3418,-0.602988,0.0667689
0.409,-0.541609,0.0669455
0.4572,-0.466527,0.0671948
0.4951,-0.430631,0.0675064
0.499,-0.262436,0.0678237
0.487,-0.178266,0.0681193
0.446,-0.01686,0.0683471
0.4065,-0.008485,0.0685156
0.3621,0.0339002,0.0686243
0.2896,0.203575,0.0686507
0.2387,0.116129,0.0686305
0.1686,0.24037,0.0685611
0.126,0.120012,0.0684703
0.0731,0.19275,0.0683616
0.044,0.0854906,0.0682475
0.0112,0.117275,0.0681306
-0.0047,0.0394036,0.068014
-0.0161,0.0218388,0.0678982
-0.0328,0.0555294,0.0677842
-0.0093,-0.154361,0.0676688
0.037,-0.286436,0.0675561
0.0998,-0.393753,0.0674583
0.1344,-0.266388,0.0673746
0.1587,-0.224493,0.0673032
0.1792,-0.213666,0.0672437
0.1837,-0.1355,0.0671872
0.1773,-0.0785168,0.0671271
0.1656,-0.0474748,0.0670603
0.1499,-0.0213572,0.0669855
0.1208,0.0571062,0.0668978
0.0988,0.0302324,0.0668022
0.0769,0.0383286,0.0667006
0.0451,0.100408,0.0665928
0.1032,-0.37261,0.0664997
0.0979,-0.0537772,0.0664052
0.1611,-0.421978,0.0663381
0.197,-0.300333,0.0662925
0.2225,-0.259075,0.0662647
0.2372,-0.211521,0.0662482
0.2423,-0.165959,0.0662358
0.2354,-0.103448,0.066218
0.2119,-0.0108638,0.066183
0.1891,-0.0047882,0.0661331
0.1635,0.0201516,0.0660687
0.1218,0.118325,0.0659849
0.0779,0.148047,0.0658872
0.0504,0.0782878,0.065784
0.0266,0.0705548,0.0656782
-0.0042,0.11911,0.0655716
-0.0218,0.0612064,0.0654661
-0.0412,0.0789294,0.0653629
-0.05,0.030232,0.0652614
-0.0572,0.0257196,0.0651614
-0.0585,-0.0027632,0.065062
-0.0563,-0.0207854,0.0649625
-0.0503,-0.0419122,0.0648623
-0.0451,-0.0397642,0.0647616
-0.0395,-0.0437272,0.0646605
-0.031,-0.06129,0.0645587
-0.0256,-0.0475534,0.0644568
-0.0208,-0.0460302,0.0643548
-0.0334,0.0465192,0.0642543
0.0314,-0.365988,0.0641539
0.0722,-0.261972,0.0640605
0.142,-0.434703,0.063991
0.1916,-0.353486,0.0639479
0.21,-0.20486,0.0639166
0.2142,-0.135601,0.0638882
0.2048,-0.0639274,0.0638537
0.1779,0.0342288,0.0638031
0.1537,0.0303038,0.0637402
0.1145,0.121029,0.0636609
0.0875,0.0711012,0.0635734
0.0506,0.135883,0.0634782
0.0181,0.127619,0.0633799
0.0002,0.0627116,0.0632813
-0.0138,0.0498324,0.0631833
-0.0293,0.0645976,0.0630867
-0.0366,0.027563,0.0629911
-0.041,0.0157796,0.0628964
-0.0431,0.0059416,0.0628022
-0.0421,-0.009242,0.0627081
-0.0966,0.290782,0.062626
0.0276,-0.652072,0.062531
0.0996,-0.419786,0.0624503
0.1862,-0.527636,0.0624077
0.2307,-0.335304,0.0623937
0.2703,-0.327171,0.06241
0.2807,-0.185917,0.062435
0.2754,-0.105901,0.0624554
0.2501,0.0036458,0.0624555
0.2253,0.0105224,0.0624378
0.1976,0.0356084,0.0624023
0.1531,0.137002,0.0623434
0.107,0.163131,0.0622665
0.0785,0.086282,0.0621819
0.0436,0.132097,0.0620911
0.0247,0.0597152,0.0619986
0.0038,0.0783814,0.0619056
-0.0059,0.0267868,0.0618128
-0.0142,0.0238188,0.0617206
-0.0164,-0.0049504,0.0616287
-0.0156,-0.0193248,0.0615371
-0.0111,-0.0386124,0.0614456
-0.0068,-0.0383208,0.0613542
0.0004,-0.0547276,0.061263
0.0053,-0.0443062,0.0611722
0.0099,-0.043853,0.0610817
0.016,-0.0531008,0.0609917
0.0195,-0.0409606,0.0609022
0.0222,-0.0376076,0.0608131
0.025,-0.0389404,0.0607245
0.026,-0.0301404,0.0606362
0.0397,-0.0990536,0.0605494
0.1097,-0.408685,0.0604783
0.0901,0.0469972,0.0604016
0.1145,-0.183001,0.0603325
0.1329,-0.160659,0.0602702
0.1518,-0.171088,0.0602159
0.1572,-0.106081,0.0601642
0.1541,-0.0625756,0.0601113
0.1456,-0.0322672,0.0600548
0.1336,-0.0099656,0.0599937
0.119,0.0089538,0.0599273
0.094,0.0711242,0.0598535
0.0762,0.0424592,0.0597755
0.0514,0.087631,0.0596932
0.0365,0.0443492,0.0596092
0.0184,0.0678522,0.0595241
0.009,0.0283358,0.0594388
-0.0007,0.0339148,0.0593536
-0.0044,0.0055574,0.0592687
-0.0064,-0.0020396,0.0591841
-0.0057,-0.0156018,0.0590997
-0.0038,-0.0221584,0.0590156
0.0005,-0.0355572,0.0589316
0.0061,-0.0439154,0.058848
0.0101,-0.0370906,0.0587647
0.0155,-0.0458072,0.0586818
0.0187,-0.03564,0.0585992
0.0224,-0.039194,0.0585172
0.025,-0.0343602,0.0584355
0.0259,-0.0258938,0.0583542
0.0263,-0.0232794,0.0582731
0.0262,-0.0205482,0.0581922
0.0254,-0.0166232,0.0581115
0.0245,-0.0157114,0.0580309
0.0235,-0.0148052,0.0579505
0.0217,-0.010137,0.0578703
0.0204,-0.0122014,0.0577901
0.0191,-0.011802,0.0577102
0.0174,-0.0092568,0.0576303
0.0164,-0.012504,0.0575506
0.0156,-0.0133322,0.0574712
0.0144,-0.0109936,0.0573919
0.014,-0.0149622,0.0573127
0.0138,-0.016,0.0572338
0.0137,-0.0165664,0.0571552
0.0138,-0.017696,0.0570767
0.0626,-0.280892,0.0570036
0.4955,-1,0.0572625
0.6581,-1,0.0577781
0.5094,0.524516,0.0580544
0.3396,0.697401,0.0581327
0.2676,0.23695,0.0581511
0.2417,0.0167098,0.0581515
0.2903,-0.375391,0.0581871
0.3372,-0.385897,0.0582626
0.3957,-0.467679,0.0583962
0.4208,-0.311204,0.0585572
0.4319,-0.246201,0.0587307
0.427,-0.164866,0.0588979
0.4115,-0.106314,0.0590471
0.3884,-0.0597494,0.059171
0.3594,-0.019332,0.0592654
0.3079,0.113153,0.0593132
0.2697,0.0613656,0.0593313
0.2146,0.167418,0.0593134
0.1796,0.0804854,0.0592772
0.1343,0.149755,0.059222
0.1083,0.063352,0.0591585
0.0866,0.0502746,0.0590895
0.0599,0.0856416,0.0590155
0.0454,0.030406,0.0589396
0.0301,0.040665,0.0588625
0.0213,0.0120148,0.0587849
0.0187,-0.0175212,0.0587074
0.0186,-0.0294778,0.0586301
0.0204,-0.0391772,0.0585531
0.0242,-0.0501948,0.0584765
0.0272,-0.046949,0.0584004
0.0313,-0.053701,0.0583247
0.0336,-0.045293,0.0582494
0.0358,-0.0454384,0.0581746
0.0363,-0.036997,0.0581
0.0362,-0.0338724,0.0580255
0.0348,-0.0267948,0.0579512
0.033,-0.0240914,0.0578769
0.0296,-0.014783,0.0578024
0.0267,-0.0161882,0.057728
0.0221,-0.0059208,0.0576535
0.0189,-0.0117114,0.057579
0.0142,-0.002391,0.0575045
0.0098,-0.0021728,0.05743
0.0071,-0.0096206,0.0573557
0.0048,-0.0107094,0.0572815
0.0019,-0.0065426,0.0572075
-0.0005,-0.0080618,0.0571337
-0.0021,-0.0113856,0.0570601
-0.0028,-0.015561,0.0569866
-0.0032,-0.0168502,0.0569134
-0.0032,-0.0187938,0.0568404
-0.0029,-0.020356,0.0567675
-0.0026,-0.0203914,0.0566948
-0.0021,-0.0213678,0.0566223
-0.0017,-0.0208442,0.05655
-0.0014,-0.0202324,0.0564779
-0.0011,-0.0200844,0.0564059
-0.001,-0.0188188,0.0563342
-0.001,-0.0180024,0.0562626
-0.0011,-0.017152,0.0561912
-0.0013,-0.0162782,0.05612
-0.0014,-0.0164682,0.0560489
-0.0016,-0.015647,0.0559781
-0.0018,-0.0153754,0.0559074
-0.0018,-0.0162194,0.0558369
-0.0018,-0.016113,0.0557666
-0.0018,-0.0160364,0.0556965
-0.0016,-0.0170764,0.0556265
-0.0013,-0.0176758,0.0555567
-0.0011,-0.017255,0.0554871
-0.0007,-0.0184224,0.0554176
-0.0005,-0.0175142,0.0553484
-0.0001,-0.0186854,0.0552793
0.0002,-0.0183134,0.0552103
0.0006,-0.0189736,0.0551416
0.0008,-0.018043,0.055073
0.0011,-0.018645,0.0550046
0.0011,-0.0171162,0.0549363
0.0012,-0.0176212,0.0548683
0.0013,-0.017619,0.0548004
0.0013,-0.0170716,0.0547326
0.0013,-0.0170224,0.0546651
0.0013,-0.0169724,0.0545977
0.0013,-0.0169226,0.0545304
0.0013,-0.0168744,0.0544633
0.0014,-0.0173682,0.0543964
0.0014,-0.016824,0.0543297
0.0015,-0.0173236,0.0542631
0.0016,-0.017326,0.0541967
0.0017,-0.0173312,0.0541305
0.0018,-0.01734,0.0540644
0.002,-0.0178912,0.0539984
0.0022,-0.0179444,0.0539327
0.0023,-0.0174602,0.0538671
0.0024,-0.017477,0.0538016
0.0025,-0.0174944,0.0537363
0.0027,-0.0180524,0.0536712
0.0028,-0.0175704,0.0536062
0.0029,-0.017491,0.0535414
0.003,-0.016546,0.0534768
0.0031,-0.015276,0.0534123
0.0032,-0.0143036,0.0533479
0.0034,-0.0142112,0.0532838
0.0039,-0.0153838,0.0532197
0.0043,-0.014569,0.0531559
0.0048,-0.014698,0.0530922
0.0058,-0.0169352,0.0530286
0.007,-0.0176378,0.0529652
0.0079,-0.015672,0.052902
0.0093,-0.0178868,0.052839
0.0104,-0.0159936,0.0527762
0.012,-0.0183346,0.0527135
0.0137,-0.0187652,0.0526511
0.0155,-0.0192974,0.0525888
0.0167,-0.016195,0.0525268
0.0184,-0.0188724,0.0524649
0.0202,-0.0197036,0.0524033
0.0214,-0.0168672,0.0523419
0.023,-0.0192846,0.0522807
0.0241,-0.0170562,0.0522198
0.0256,-0.0195342,0.052159
0.0356,-0.0659856,0.0520992
0.0752,-0.229885,0.0520446
0.1897,-0.650504,0.0520257
0.2988,-0.667699,0.0520694
0.5099,-1,0.0523129
0.7769,-1,0.0529576
-0.2301,1,0.0529576
-0.3039,0.486539,0.0530036
-0.4857,1,0.0532168
-0.678,1,0.05369
-0.8063,0.964123,0.0543835
-0.9924,1,0.0554642
-1.1608,1,0.056963
-1.2576,0.994181,0.0587296
-1.3711,1,0.0608375
-1.4207,0.82914,0.0631005
-1.4482,0.732596,0.0654495
-1.4319,0.509993,0.0677389
-1.3568,0.188711,0.0697817
-1.2302,-0.116931,0.0714429
-1.0709,-0.341981,0.072679
-0.9559,-0.164549,0.0736446
-0.7829,-0.522169,0.0742631
-0.6696,-0.26764,0.0746916
-0.5129,-0.546291,0.0749071
-0.3726,-0.519667,0.0749802
-0.259,-0.431093,0.0749712
-0.2024,-0.168334,0.0749324
-0.1432,-0.204734,0.0748704
-0.1035,-0.122913,0.0747974
-0.0861,-0.0182066,0.0747208
-0.0712,-0.0115294,0.0746418
-0.0645,0.0269154,0.0745619
-0.0611,0.0421742,0.0744817
-0.0671,0.0917056,0.0744025
-0.0714,0.0850662,0.0743242
-0.0707,0.0599256,0.0742459
-0.0644,0.0295324,0.0741669
-0.0534,0.001737,0.0740866
-0.0389,-0.0214878,0.074005
-0.0279,-0.0083348,0.0739227
-0.0105,-0.047277,0.0738398
0.0079,-0.0596564,0.0737571
0.02,-0.03304,0.073675
0.0374,-0.0665784,0.0735941
0.0967,-0.299995,0.0735224
0.1178,-0.117674,0.0734558
0.17,-0.294397,0.0734061
0.2097,-0.248198,0.0733733
0.2543,-0.291048,0.0733637
0.2801,-0.20793,0.0733693
0.2855,-0.108661,0.0733784
0.2721,-0.0098446,0.0733791
0.2455,0.0663056,0.0733646
0.2123,0.112163,0.0733333
0.1899,0.066745,0.0732921
0.1603,0.114267,0.0732396
0.1347,0.10424,0.0731788
0.1208,0.0510606,0.0731143
0.1061,0.060731,0.0730462
0.0995,0.0226746,0.0729768
0.0943,0.0175686,0.0729065
0.0937,-0.0053762,0.0728362
0.0954,-0.0177444,0.0727664
0.1001,-0.0348218,0.0726977
0.1066,-0.0466322,0.0726307
0.1113,-0.0397318,0.0725649
0.1179,-0.0521044,0.072501
0.1282,-0.0749774,0.0724399
0.171,-0.254936,0.0723929
0.2192,-0.30165,0.0723664
0.2926,-0.457591,0.0723808
0.3465,-0.382339,0.0724325
0.3668,-0.223188,0.0724998
0.3727,-0.154289,0.0725717
0.3559,-0.034775,0.0726301
0.335,-0.0065794,0.0726729
0.2965,0.0962334,0.0726893
0.2524,0.141375,0.0726797
0.2091,0.154283,0.0726485
0.1836,0.0751218,0.0726066
0.1529,0.113103,0.0725537
0.1364,0.0484378,0.0724959
0.1182,0.06399,0.0724331
0.1064,0.0365068,0.0723677
0.1019,0.0016146,0.0723014
0.0999,-0.0102712,0.0722348
0.1018,-0.030719,0.0721688
0.1046,-0.0365296,0.0721035
0.1099,-0.0513486,0.0720396
0.1137,-0.045572,0.0719767
0.1189,-0.0548624,0.0719152
0.1271,-0.0733656,0.0718561
0.1813,-0.325375,0.0718147
0.2348,-0.343708,0.071797
0.324,-0.558495,0.0718321
0.3705,-0.364293,0.0719013
0.4013,-0.29887,0.0719954
0.4222,-0.258526,0.0721075
0.417,-0.126729,0.0722148
0.3877,0.0047868,0.072297
0.3579,0.0186414,0.0723557
0.3071,0.143727,0.0723787
0.2708,0.0858026,0.0723797
0.2545,-0.0071666,0.0723717
0.3499,-0.602973,0.0724242
0.4374,-0.599808,0.0725485
0.549,-0.766653,0.0727877
0.6236,-0.613712,0.0731176
0.6479,-0.374584,0.0734791
0.6442,-0.236005,0.0738348
0.6022,-0.030894,0.0741354
0.5325,0.132099,0.0743531
0.4477,0.238109,0.074484
0.3897,0.123787,0.0745643
0.3102,0.259625,0.0745867
0.238,0.248633,0.0745681
0.1965,0.108476,0.0745309
0.1483,0.158246,0.0744767
0.1569,-0.131968,0.0744252
0.2457,-0.571121,0.0744107
0.4182,-1,0.0745142
0.5242,-0.773884,0.0747202
0.6602,-0.980943,0.0750914
0.759,-0.837007,0.0756058
0.7988,-0.56027,0.0761827
0.8123,-0.436313,0.0767807
0.777,-0.180151,0.07732
0.731,-0.11,0.0777874
0.6539,0.0748254,0.0781447
0.718,-0.658423,0.078591
0.8306,-0.947766,0.0792141
0.972,-1,0.0800955
1.0615,-0.928945,0.0811603
1.0881,-0.627395,0.0822811
1.0734,-0.417305,0.0833673
1.0024,-0.109551,0.0843018
0.8893,0.144282,0.0850176
0.7997,0.0609156,0.0855789
0.6596,0.368059,0.0859323
0.565,0.177213,0.0861679
0.4319,0.422068,0.0862692
0.3494,0.201385,0.0863053
0.2439,0.358137,0.0862783
0.1636,0.264005,0.0862184
0.218,-0.431498,0.0861795
0.312,-0.667486,0.0861907
0.4485,-0.935143,0.086306
0.5295,-0.690683,0.0865005
0.6306,-0.832375,0.086812
0.6973,-0.68789,0.0872114
0.7192,-0.473517,0.087641
0.7073,-0.300628,0.0880528
0.6595,-0.102836,0.0883986
0.6151,-0.102881,0.0886874
0.5399,0.0804988,0.0888892
0.4519,0.179116,0.0890039
0.3926,0.0588198,0.0890685
0.3889,-0.218236,0.0891302
0.502,-0.848268,0.0892916
0.5535,-0.561776,0.0895066
0.5766,-0.429981,0.0897469
0.5617,-0.234957,0.08997
0.5332,-0.156432,0.0901618
0.4733,0.0237812,0.0902938
0.3983,0.128698,0.0903611
0.3449,0.0415906,0.0903893
0.2688,0.185229,0.0903715
0.1949,0.203655,0.09032
0.1286,0.19226,0.0902476
0.091,0.0640566,0.0901672
0.0452,0.123871,0.0900809
0.0102,0.084544,0.0899929
0.0607,-0.362544,0.0899085
0.1947,-0.833288,0.0898577
0.3215,-0.847939,0.0898709
0.3921,-0.595293,0.0899332
0.4691,-0.658438,0.0900599
0.5113,-0.501836,0.0902266
0.5045,-0.254707,0.0903862
0.4639,-0.0700276,0.0905074
0.3986,0.079101,0.0905737
0.3215,0.168571,0.0905861
0.2432,0.205641,0.0905557
0.1712,0.202811,0.0904965
0.11,0.173275,0.0904207
0.0758,0.0520032,0.090339
0.0336,0.10902,0.0902529
0.0014,0.072106,0.090166
-0.012,-0.0162902,0.0900794
-0.0061,-0.114911,0.0899928
0.0049,-0.144583,0.0899064
0.0128,-0.132014,0.0898202
0.0141,-0.0991996,0.0897343
0.0085,-0.062007,0.0896484
0.0016,-0.0521022,0.0895626
-0.0117,-0.0140178,0.0894771
-0.028,0.0083608,0.0893924
-0.0457,0.0233766,0.0893091
-0.0631,0.0297968,0.0892278
-0.0739,0.00204,0.089148
-0.0882,0.0261522,0.0890706
-0.101,0.0245884,0.0889956
-0.1117,0.0191334,0.0889229
-0.1174,-0.0028428,0.0888517
0.2605,-1,0.0888318
0.0692,0.851432,0.0887522
0.0363,0.0736178,0.0886694
0.1241,-0.564003,0.0886002
0.1913,-0.48697,0.0885511
0.2776,-0.616257,0.0885403
0.3348,-0.493102,0.0885624
0.353,-0.305023,0.0885964
0.3519,-0.207891,0.0886295
0.3252,-0.0690824,0.0886456
0.2971,-0.0508162,0.0886453
0.2476,0.0759646,0.0886196
0.1915,0.131415,0.0885709
0.1352,0.154961,0.0885051
0.1006,0.0604134,0.0884318
0.0559,0.129173,0.0883521
0.0164,0.119777,0.0882698
-0.0162,0.0993974,0.0881877
-0.0403,0.0679384,0.0881071
-0.0519,0.0117002,0.0880275
-0.0635,0.0180648,0.0879494
-0.0709,0.0017912,0.0878723
-0.0746,-0.0135256,0.0877959
-0.0753,-0.026633,0.0877197
-0.074,-0.0356972,0.0876435
-0.0716,-0.040578,0.0875671
-0.0691,-0.0402786,0.0874905
-0.0671,-0.0365004,0.0874138
-0.0659,-0.0307256,0.0873371
-0.0655,-0.0245784,0.0872605
-0.0657,-0.0192202,0.0871841
-0.0663,-0.0148428,0.0871078
-0.0672,-0.0110698,0.0870318
-0.0682,-0.008434,0.0869561
-0.0689,-0.008197,0.0868806
-0.0692,-0.0088086,0.0868053
-0.0692,-0.0093064,0.0867301
-0.0686,-0.0117104,0.086655
-0.0675,-0.0140276,0.0865799
-0.066,-0.0161684,0.0865048
-0.0647,-0.015123,0.0864296
-0.0626,-0.0192138,0.0863543
-0.0603,-0.0201162,0.0862789
-0.0586,-0.01662,0.0862034
-0.0562,-0.0197064,0.0861279
-0.0546,-0.0148426,0.0860523
-0.0521,-0.0188,0.0859766
-0.0499,-0.0166656,0.0859008
-0.0568,0.033027,0.0858259
-0.097,0.217031,0.0857567
-0.0472,-0.251715,0.0856811
-0.0156,-0.17242,0.0856038
-0.0024,-0.0849096,0.0855265
0.0096,-0.082951,0.0854494
0.0106,-0.0273682,0.0853724
0.0082,-0.0083176,0.0852956
0.0048,-0.000814001,0.0852188
-0.0009,0.0140912,0.0851422
-0.0069,0.0190714,0.0850657
-0.0104,0.0089388,0.0849895
-0.0155,0.0198064,0.0849135
-0.0169,0.00259,0.0848376
-0.0174,-0.0011376,0.084762
-0.0162,-0.0096954,0.0846864
-0.0147,-0.0115088,0.0846109
-0.0115,-0.0210838,0.0845355
-0.0089,-0.0190156,0.0844601
-0.0048,-0.0281256,0.0843849
-0.0004,-0.0312634,0.0843097
0.0025,-0.024539,0.0842347
0.0063,-0.0299286,0.0841599
0.0086,-0.0225816,0.0840852
0.0124,-0.0306882,0.0840107
0.0139,-0.0187934,0.0839364
0.0151,-0.0167946,0.0838623
0.0165,-0.0174598,0.0837883
0.0178,-0.0167182,0.0837145
0.0186,-0.0139324,0.0836409
0.0197,-0.0154254,0.0835674
0.0204,-0.0134038,0.0834941
0.0216,-0.016207,0.0834209
0.0229,-0.0171212,0.0833479
0.0239,-0.0160018,0.0832751
0.0253,-0.0186096,0.0832025
0.0263,-0.0170862,0.0831301
-0.0289,0.286039,0.0830579
-0.0881,0.329905,0.0829919
-0.0172,-0.348895,0.0829195
-0.0831,0.36166,0.082853
-0.1344,0.309466,0.0827963
-0.1951,0.381139,0.0827573
-0.2207,0.216297,0.0827276
-0.2328,0.154047,0.0827027
-0.2316,0.0874384,0.0826774
-0.2115,-0.0148048,0.0826443
-0.1764,-0.10364,0.0825995
-0.1479,-0.0819204,0.0825468
-0.1191,-0.0949042,0.0824874
-0.0758,-0.184796,0.0824209
-0.0474,-0.121796,0.0823514
-0.046,0.013257,0.0822819
-0.124,0.441843,0.0822241
-0.2194,0.567515,0.0821946
-0.3059,0.558475,0.0822044
-0.4083,0.680134,0.0822773
-0.4545,0.419078,0.0823845
-0.4797,0.325787,0.0825117
-0.4876,0.244128,0.0826453
-0.4813,0.172275,0.0827735
-0.4554,0.065476,0.0828805
-0.4289,0.053328,0.0829673
-0.3954,0.006214,0.0830302
-0.3561,-0.0374108,0.0830677
-0.3124,-0.0759956,0.0830801
-0.266,-0.107322,0.0830696
-0.2184,-0.131814,0.0830394
-0.1474,-0.276886,0.082987
-0.1018,-0.167955,0.082925
-0.0617,-0.156452,0.0828576
-0.0262,-0.147704,0.0827876
0.004,-0.133419,0.0827172
-0.1347,0.766689,0.0826623
-0.2901,0.91278,0.0826635
-0.5121,1,0.082816
-0.6464,0.951818,0.0831001
-0.7667,0.931329,0.0835279
-0.8701,0.889791,0.0840982
-0.9534,0.824383,0.084796
-1.0134,0.733778,0.0855925
-1.0475,0.619882,0.0864469
-1.0549,0.491321,0.0873131
-1.0506,0.433069,0.0881701
-1.0392,0.394953,0.0890056
-1.0023,0.254561,0.0897763
-0.9736,0.285891,0.090498
-0.9946,0.544642,0.0912533
-1.0716,0.857446,0.0921408
-1.1678,0.994125,0.0932076
-1.1999,0.68873,0.0943363
-1.191,0.48242,0.0954453
-1.1499,0.30715,0.096472
-1.0871,0.175579,0.0973794
-1.0082,0.0654148,0.0981472
-0.8683,-0.293926,0.0986947
-0.7646,-0.152989,0.0990999
-0.6076,-0.481183,0.099325
-0.5049,-0.249857,0.0994545
-0.3643,-0.494969,0.0994822
-0.3072,-0.0998078,0.099478
-0.3779,0.568034,0.099514
-0.5236,1,0.0996589
-0.617,0.77933,0.0998919
-0.7421,0.989349,0.100265
-0.8114,0.739711,0.100727
-0.8875,0.805947,0.101296
-0.915,0.575794,0.101904
-0.9206,0.470384,0.10252
-0.8924,0.291887,0.103092
-0.8524,0.218578,0.103606
-0.7696,-0.0270232,0.104009
-0.7017,0.0216892,0.104328
-0.5563,-0.422892,0.104497
-0.4795,-0.109688,0.1046
-0.3737,-0.296293,0.104629
-0.3141,-0.088534,0.104624
-0.2921,0.0912272,0.104608
-0.3049,0.270939,0.104598
-0.3153,0.26372,0.104594
-0.3161,0.216672,0.10459
-0.3058,0.157668,0.104581
-0.288,0.113637,0.104564
-0.2504,0.000114806,0.10453
-0.2192,0.020098,0.104484
-0.1684,-0.0978574,0.104422
-0.1323,-0.0385026,0.104351
-0.0796,-0.14239,0.104271
-0.0277,-0.159059,0.104187
0.0198,-0.156062,0.104103
0.0472,-0.0665768,0.10402
0.0619,-0.0090398,0.103939
0.0245,0.266414,0.103855
-0.0314,0.381383,0.103772
-0.0624,0.269456,0.103691
-0.0884,0.255083,0.103614
-0.0933,0.151782,0.103537
-0.0848,0.081494,0.10346
-0.0611,-0.00404,0.103379
-0.0392,-0.003756,0.103297
-0.0022,-0.0942178,0.103214
0.0386,-0.129884,0.103132
0.0658,-0.0732856,0.103053
0.0909,-0.0734488,0.102977
0.1267,-0.141988,0.102907
0.1636,-0.163038,0.102846
0.1421,0.136855,0.10278
0.122,0.137298,0.10271
0.1099,0.101622,0.102637
0.1003,0.0925234,0.102563
0.0992,0.0501134,0.102489
0.1027,0.0254132,0.102416
0.1128,-0.0119444,0.102345
0.1219,-0.0110762,0.102275
0.1375,-0.05053,0.102209
0.1489,-0.0349996,0.102145
0.1656,-0.0693274,0.102086
0.1819,-0.0751202,0.102031
0.1964,-0.0732724,0.10198
0.2045,-0.0458966,0.101933
0.2111,-0.0424214,0.101887
0.2192,-0.0545106,0.101845
0.2255,-0.0493394,0.101804
0.2283,-0.0342068,0.101765
0.2306,-0.0338002,0.101727
0.2309,-0.0250068,0.101689
0.2301,-0.020179,0.10165
0.2279,-0.0131916,0.101611
0.2259,-0.0141382,0.101571
0.2226,-0.006967,0.10153
0.2202,-0.0110708,0.101489
0.2165,-0.0035762,0.101446
0.2109,0.00775,0.101401
0.2054,0.0087698,0.101355
0.197,0.0256556,0.101306
0.1901,0.0195112,0.101255
0.1867,0.001705,0.101203
0.1838,-0.001536,0.10115
0.183,-0.0138222,0.101097
0.1833,-0.0217156,0.101045
0.184,-0.0263904,0.100992
0.1855,-0.0334564,0.100941
0.187,-0.0365402,0.100889
0.1878,-0.035837,0.100838
0.1883,-0.036992,0.100787
0.1881,-0.0357928,0.100737
0.1869,-0.0326338,0.100686
0.1845,-0.028032,0.100634
0.1822,-0.0301196,0.100582
0.1779,-0.021091,0.100528
0.1745,-0.0269798,0.100474
0.1688,-0.0159194,0.100419
0.1623,-0.0119438,0.100361
0.1577,-0.0220934,0.100303
0.1508,-0.0101514,0.100243
0.146,-0.02076,0.100182
0.147,-0.0519832,0.100122
0.1772,-0.211633,0.100069
0.1803,-0.0787432,0.100017
0.2058,-0.202083,0.0999729
0.2199,-0.151778,0.0999333
0.2289,-0.131091,0.0998968
0.2331,-0.110285,0.0998619
0.2303,-0.0758592,0.0998261
0.2187,-0.0291408,0.0997863
0.1996,0.0139772,0.0997404
0.184,0.000574199,0.0996901
0.1679,0.0073484,0.0996355
0.1512,0.0148848,0.099577
0.1257,0.0670486,0.0995131
0.1088,0.0288862,0.0994463
0.0863,0.0641744,0.0993763
0.0731,0.0214048,0.0993048
0.0618,0.0151886,0.0992323
0.052,0.0105456,0.099159
0.0395,0.0282192,0.0990849
0.0325,0.002826,0.0990106
0.0249,0.008232,0.0989361
0.0214,-0.0115206,0.0988615
0.0183,-0.0129478,0.098787
0.0174,-0.0242548,0.0987125
0.017,-0.0272404,0.0986382
0.0172,-0.0309308,0.098564
0.0176,-0.0326268,0.0984899
0.018,-0.0332612,0.0984159
0.018,-0.031634,0.098342
0.0176,-0.0297738,0.0982683
0.017,-0.028727,0.0981946
0.016,-0.0264144,0.098121
0.0139,-0.0200626,0.0980475
0.0111,-0.0153704,0.097974
0.009,-0.0179246,0.0979007
0.0056,-0.0100268,0.0978274
0.0033,-0.0146762,0.0977541
0,-0.008481,0.097681
-0.0021,-0.0138136,0.097608
-0.0041,-0.013692,0.0975351
0.0953,-0.560812,0.0974691
0.1114,-0.151097,0.0974057
0.0912,0.038222,0.0973393
0.1933,-0.614509,0.0972947
0.293,-0.642898,0.0972861
0.3489,-0.446824,0.0973043
0.3995,-0.441181,0.0973506
0.4119,-0.255712,0.0974043
0.4007,-0.133706,0.0974511
0.3609,0.0247766,0.0974754
0.3014,0.146718,0.0974705
0.2564,0.0919248,0.097447
0.1911,0.219363,0.097402
0.1495,0.117403,0.0973465
0.0959,0.198856,0.0972814
0.0654,0.095651,0.0972128
0.03,0.134495,0.0971417
0.0124,0.052785,0.0970703
-0.06,0.356163,0.0970014
0.1531,-1,0.0969473
0.3285,-1,0.0969554
0.4491,-0.813251,0.0970323
0.6193,-1,0.0972427
0.7206,-0.827199,0.0975523
0.8467,-1,0.0980064
0.9087,-0.708561,0.0985395
0.9607,-0.680826,0.099143
0.9598,-0.417424,0.0997444
0.93,-0.262402,0.100304
0.8522,0.00747359,0.100761
0.7835,-0.0116576,0.101135
0.6704,0.254693,0.10139
0.5496,0.340859,0.101536
0.4706,0.162959,0.101623
0.3659,0.33304,0.101647
0.3031,0.148475,0.10164
0.2249,0.256716,0.101602
0.1614,0.208688,0.101548
0.128,0.0716718,0.101486
0.0923,0.0976406,0.101418
0.0753,0.0111576,0.101349
0.0596,0.0111844,0.101278
0.168,-0.652645,0.101225
0.3319,-0.996001,0.101232
0.6603,-1,0.101474
0.8834,-1,0.101964
1.1904,-1,0.102913
1.4545,-1,0.104364
1.6014,-1,0.106136
1.7712,-1,0.108318
1.874,-1,0.110767
1.9059,-0.985302,0.113299
1.8869,-0.72662,0.115775
1.7981,-0.345348,0.118013
1.7043,-0.285899,0.120012
1.5326,0.169541,0.12161
1.4057,-0.00619521,0.122938
1.208,0.42477,0.123895
1.0013,0.55074,0.124523
0.8645,0.254525,0.124968
0.6738,0.599312,0.125203
0.4991,0.588554,0.125292
0.3968,0.267092,0.125315
0.2744,0.416443,0.125279
0.2076,0.165206,0.125221
0.1276,0.263417,0.125143
0.0642,0.206109,0.125057
0.0333,0.0563396,0.124969
0.0037,0.0620714,0.12488
-0.013,0.0046454,0.124792
-0.0187,-0.0477014,0.124703
-0.0217,-0.0596556,0.124615
-0.007,-0.15377,0.124527
0.0749,-0.522462,0.124443
0.3102,-1,0.124423
0.5209,-1,0.124527
0.8528,-1,0.124952
1.1453,-1,0.12579
1.3133,-1,0.126918
1.518,-1,0.128452
1.6234,-1,0.130218
1.7304,-1,0.132233
1.7679,-0.998407,0.134338
1.7544,-0.741481,0.136407
1.6768,-0.393261,0.138285
1.5926,-0.329732,0.139968
1.4373,0.085049,0.141319
1.2546,0.292656,0.142323
1.1242,0.0811034,0.143108
0.9286,0.483521,0.143611
0.7996,0.200556,0.143958
0.6181,0.534452,0.144124
0.5049,0.23725,0.144202
0.3569,0.469758,0.14419
0.2285,0.422679,0.144126
0.1561,0.171338,0.144042
0.071,0.268743,0.143946
0.0035,0.207736,0.143845
-0.0466,0.140865,0.143747
-0.07,0.0168568,0.14365
-0.0939,0.0292952,0.143557
-0.1055,-0.027131,0.143465
-0.1181,-0.0166724,0.143375
-0.1275,-0.0282708,0.143287
-0.1344,-0.037156,0.1432
-0.1374,-0.0544834,0.143114
-0.1375,-0.0678694,0.143028
-0.064,-0.464318,0.142932
0.0801,-0.874316,0.142838
0.2145,-0.879284,0.142771
0.2859,-0.592813,0.142729
0.3577,-0.623735,0.142719
0.3828,-0.400659,0.142722
0.3873,-0.299934,0.142727
0.3601,-0.131083,0.142718
0.3288,-0.0985894,0.142694
0.2713,0.054928,0.142646
0.2041,0.129925,0.142577
0.1578,0.043509,0.142496
0.0929,0.162589,0.142405
0.0512,0.063824,0.142309
-0.0051,0.160252,0.142211
-0.0561,0.155503,0.142116
-0.0861,0.0641166,0.142024
-0.1225,0.112615,0.141938
-0.1521,0.0925766,0.141856
-0.1459,-0.0866902,0.141774
-0.0549,-0.545061,0.14168
0.0841,-0.838969,0.141588
0.1703,-0.608085,0.141511
0.2746,-0.739287,0.141466
0.3242,-0.484935,0.141442
0.3625,-0.443381,0.141435
0.3676,-0.279215,0.14143
0.3507,-0.162424,0.141418
0.3108,-0.0314798,0.141388
0.2755,-0.040461,0.141343
0.2178,0.0945062,0.14128
0.1551,0.144532,0.1412
0.1136,0.0550894,0.141114
0.0572,0.152186,0.14102
0.0048,0.153255,0.140925
-0.0266,0.0612044,0.140831
-0.0659,0.11722,0.140739
-0.0988,0.0998982,0.14065
-0.117,0.035679,0.140565
-0.1377,0.0591152,0.140483
-0.153,0.0414502,0.140404
-0.1602,0.0073534,0.140327
-0.1669,0.0114096,0.140252
-0.1693,-0.0050438,0.140177
-0.1702,-0.0080316,0.140102
-0.1688,-0.0159802,0.140027
-0.1667,-0.0163906,0.139952
-0.1626,-0.0242968,0.139876
-0.1574,-0.0284968,0.139799
-0.1401,-0.0928252,0.139719
-0.0615,-0.428226,0.139628
0.0849,-0.823953,0.13954
0.1923,-0.670569,0.139471
0.3263,-0.856474,0.139449
0.4192,-0.687974,0.139473
0.4541,-0.412049,0.139518
0.4665,-0.304893,0.13957
0.4546,-0.179127,0.139614
0.4161,-0.031304,0.139637
0.3594,0.0817856,0.13963
0.2937,0.152545,0.139594
0.2494,0.0627734,0.139543
0.1882,0.171351,0.139474
0.1304,0.177173,0.139393
0.0797,0.16175,0.139305
0.0396,0.124697,0.139214
0.0189,0.0360888,0.139122
-0.0044,0.059038,0.13903
-0.0219,0.0381236,0.138939
-0.034,0.0177372,0.138848
-0.0406,-0.004751,0.138757
-0.0427,-0.023699,0.138667
-0.0437,-0.0256756,0.138577
-0.0431,-0.0305826,0.138487
-0.0423,-0.0283572,0.138397
-0.0406,-0.0299202,0.138307
-0.0388,-0.0275538,0.138218
-0.037,-0.0248462,0.138128
-0.0358,-0.0190694,0.138038
-0.0342,-0.0187664,0.137948
-0.0325,-0.0173722,0.137859
-0.0132,-0.110817,0.137769
0.0862,-0.549393,0.137683
0.1751,-0.531204,0.137613
0.3107,-0.818329,0.137587
0.3824,-0.527264,0.137592
0.4536,-0.553437,0.137637
0.4843,-0.363729,0.1377
0.4764,-0.168209,0.137758
0.4528,-0.081033,0.137802
0.4025,0.071789,0.137818
0.3404,0.154855,0.137803
0.2757,0.193044,0.137763
0.2162,0.190223,0.137704
0.1817,0.078449,0.137636
0.1392,0.134934,0.137559
0.1038,0.113132,0.137477
0.0762,0.0847506,0.137392
0.0628,0.0187102,0.137306
0.0461,0.041523,0.137218
0.0416,-0.0178882,0.137131
0.039,-0.026266,0.137043
0.0395,-0.041616,0.136955
0.0412,-0.0478066,0.136868
0.0432,-0.0494776,0.136781
0.0443,-0.0447406,0.136694
0.045,-0.042336,0.136608
0.0445,-0.0355048,0.136521
0.0436,-0.0325744,0.136434
0.0416,-0.025815,0.136348
-0.1006,0.732674,0.136267
0.1239,-1,0.136189
0.2418,-0.705016,0.136139
0.3221,-0.549677,0.136119
0.4243,-0.700916,0.136147
0.4951,-0.573339,0.136216
0.5204,-0.357172,0.136303
0.5251,-0.257347,0.136392
0.4994,-0.0963698,0.136464
0.4514,0.0331356,0.136507
0.4115,0.0076628,0.136528
0.3285,0.255874,0.13651
0.2857,0.0717632,0.136475
0.231,0.15323,0.136422
0.1835,0.136512,0.136356
0.1434,0.11599,0.136283
0.1231,0.025599,0.136206
0.1386,-0.159177,0.136131
0.2035,-0.431922,0.136071
0.2653,-0.441122,0.136029
0.2961,-0.298598,0.135999
0.3205,-0.276689,0.135978
0.3165,-0.133495,0.135955
0.2947,-0.03625,0.135924
0.2594,0.0448608,0.135881
0.2174,0.0946728,0.135824
0.1747,0.114772,0.135758
0.1356,0.111943,0.135684
0.1128,0.0391032,0.135606
0.0843,0.0785592,0.135525
0.0627,0.0522678,0.135442
0.0766,-0.131266,0.135361
0.0997,-0.187039,0.135282
0.1389,-0.283835,0.135209
0.1525,-0.161921,0.135139
0.159,-0.129676,0.13507
0.1527,-0.0637952,0.134999
0.1369,-0.0105742,0.134926
0.1147,0.0297616,0.13485
0.0896,0.0538422,0.134771
0.0728,0.0187936,0.13469
0.0498,0.0590638,0.134607
0.0285,0.0594114,0.134523
0.0526,-0.176681,0.134441
0.0854,-0.232634,0.134361
0.1194,-0.251564,0.134286
0.1587,-0.293169,0.134218
0.1822,-0.223024,0.134155
0.1869,-0.130445,0.134094
0.1744,-0.0390754,0.134029
0.1494,0.0337132,0.133959
0.1286,0.0212748,0.133886
0.0969,0.0886374,0.133809
0.0651,0.101988,0.133729
0.0366,0.0969742,0.133646
0.0139,0.0771056,0.133564
-0.002,0.0495074,0.133481
-0.009,0.0078166,0.133398
-0.0152,0.0062832,0.133316
-0.0179,-0.010169,0.133233
-0.0178,-0.0242546,0.133151
-0.0157,-0.0351486,0.133069
-0.0136,-0.0360488,0.132987
-0.0115,-0.036952,0.132905
-0.0211,0.0253456,0.132823
0.0694,-0.511574,0.132744
0.1302,-0.387732,0.132673
0.1734,-0.317433,0.13261
0.1886,-0.183962,0.13255
0.1798,-0.06087,0.132488
0.1638,-0.0188626,0.132424
0.1325,0.069866,0.132353
0.096,0.110446,0.132277
0.0596,0.124737,0.132198
0.0281,0.113403,0.132118
0.0109,0.0495256,0.132037
0.0154,-0.059898,0.131956
0.0224,-0.0742742,0.131876
0.0474,-0.173416,0.131797
0.0918,-0.287454,0.131721
0.1282,-0.261466,0.131651
0.1486,-0.189242,0.131584
0.1519,-0.104814,0.131518
0.145,-0.050912,0.13145
0.1275,0.0091964,0.13138
0.1033,0.0524482,0.131306
0.0762,0.0778434,0.13123
0.0501,0.0833356,0.131152
0.0277,0.0738658,0.131073
0.0156,0.0272668,0.130993
0.002,0.040286,0.130914
-0.0077,0.0247594,0.130834
-0.0121,0.000122599,0.130755
-0.0155,-0.003404,0.130676
-0.0162,-0.0165052,0.130597
-0.0148,-0.027447,0.130518
-0.013,-0.030051,0.130439
-0.0098,-0.0382224,0.13036
-0.0065,-0.0399422,0.130281
-0.0707,0.323462,0.130206
0.0485,-0.641516,0.130129
0.089,-0.264146,0.130055
0.1383,-0.327659,0.129988
0.1672,-0.236909,0.129927
0.175,-0.134031,0.129867
0.1714,-0.0749432,0.129806
0.1542,0.000669198,0.129743
0.1277,0.058564,0.129674
0.1074,0.036468,0.129603
0.0776,0.0966356,0.129529
0.049,0.102801,0.129453
0.032,0.0521936,0.129376
0.0121,0.0752008,0.129299
0.0432,-0.191864,0.129222
0.07,-0.180857,0.129148
0.1054,-0.237941,0.129077
0.1297,-0.192174,0.12901
0.1382,-0.116573,0.128945
0.1397,-0.0820454,0.128879
0.1306,-0.025136,0.128813
0.1137,0.0209888,0.128743
0.0766,0.137317,0.12867
0.0537,0.0760022,0.128595
0.0369,0.0527378,0.12852
0.0269,0.0232028,0.128444
0.0231,-0.0058886,0.128367
0.0205,-0.0105402,0.128291
0.0203,-0.0222296,0.128216
0.0211,-0.0273662,0.12814
0.0247,-0.042687,0.128064
0.0274,-0.0391964,0.127989
0.0301,-0.0401834,0.127913
0.0307,-0.0297854,0.127838
0.0306,-0.0260288,0.127763
0.0294,-0.0198026,0.127688
0.0275,-0.0152796,0.127613
0.0259,-0.015886,0.127538
0.0233,-0.0096188,0.127463
0.0211,-0.0105516,0.127388
-0.0609,0.421549,0.127315
0.058,-0.630481,0.127242
0.0974,-0.248836,0.127173
0.147,-0.319913,0.127111
0.1774,-0.236323,0.127054
0.1871,-0.136906,0.127
0.1826,-0.0642326,0.126945
0.1646,0.0104556,0.126887
0.1374,0.0674252,0.126823
0.106,0.101147,0.126755
0.0756,0.108505,0.126684
0.0498,0.0960238,0.126612
0.0362,0.0406486,0.126538
0.0217,0.051099,0.126465
0.0124,0.0289244,0.126391
0.067,-0.312476,0.126319
0.0451,0.0787212,0.126247
0.0659,-0.143235,0.126176
0.1108,-0.281934,0.126109
0.133,-0.177611,0.126046
0.1527,-0.173332,0.125986
0.158,-0.103803,0.125927
0.151,-0.0398368,0.125867
0.1336,0.0188288,0.125804
0.1183,0.0141892,0.125739
0.0941,0.0681388,0.125672
0.0692,0.0815992,0.125601
0.0467,0.0787662,0.12553
0.0291,0.0615948,0.125457
0.0174,0.0371172,0.125385
0.0129,0.003251,0.125312
0.0101,-0.0038216,0.12524
0.0107,-0.020818,0.125167
0.0139,-0.0349338,0.125095
0.0186,-0.0442318,0.125023
0.0238,-0.0488032,0.124951
0.0285,-0.0482184,0.124879
0.031,-0.0382496,0.124808
0.0454,-0.103556,0.124737
0.066,-0.142833,0.124668
0.0931,-0.186175,0.124601
0.1123,-0.154324,0.124536
0.1199,-0.0993062,0.124473
0.1183,-0.052599,0.12441
0.1084,-0.0070658,0.124345
0.0919,0.0326054,0.124278
0.072,0.057628,0.12421
0.0517,0.067797,0.12414
0.0339,0.0624494,0.12407
0.0203,0.0469042,0.123999
0.0139,0.0134676,0.123928
0.0083,0.011695,0.123857
0.0062,-0.0049928,0.123786
0.0071,-0.0203912,0.123715
0.0105,-0.0343032,0.123645
0.0153,-0.0432862,0.123574
0.0204,-0.0468966,0.123504
0.0235,-0.0382096,0.123434
0.0438,-0.132437,0.123365
0.0754,-0.201741,0.123297
0.1444,-0.416771,0.123239
0.2018,-0.382037,0.123192
0.2347,-0.272989,0.123153
0.2374,-0.123267,0.123115
0.2245,-0.0402216,0.123074
0.1771,0.151234,0.123022
0.1457,0.0838456,0.122964
0.1009,0.168872,0.1229
0.0602,0.164787,0.122833
0.0371,0.0861678,0.122764
0.0058,0.139831,0.122694
-0.0325,0.190314,0.122626
-0.0338,0.005966,0.122557
-0.0462,0.0665426,0.122489
-0.0492,0.0209274,0.122421
-0.047,-0.0057186,0.122353
-0.0377,-0.0446524,0.122285
-0.0233,-0.0756064,0.122216
-0.0066,-0.0934968,0.122147
0.0096,-0.0972166,0.122078
0.023,-0.0883614,0.12201
0.0321,-0.0703382,0.121942
0.0365,-0.048518,0.121874
0.0365,-0.0264836,0.121806
0.0329,-0.0070356,0.121739
0.0268,0.0079046,0.121671
0.0196,0.0162916,0.121603
0.0555,-0.213638,0.121536
0.0579,-0.0471736,0.12147
0.0641,-0.0687396,0.121404
0.0909,-0.182592,0.121341
0.1128,-0.167023,0.12128
0.1242,-0.119271,0.121221
0.1226,-0.0538148,0.121161
0.1096,0.0082272,0.1211
0.0888,0.0554284,0.121037
0.0727,0.038278,0.120973
0.0495,0.0830108,0.120907
0.0279,0.0836416,0.12084
0.0105,0.0696228,0.120772
-0.0006,0.0424422,0.120705
-0.0053,0.0124488,0.120638
-0.0041,-0.0173282,0.120571
-0.0008,-0.0288526,0.120504
0.0061,-0.04927,0.120437
0.0143,-0.0587044,0.12037
0.0224,-0.061124,0.120304
0.0291,-0.056533,0.120237
0.0336,-0.0471254,0.120171
0.0355,-0.0347444,0.120105
0.035,-0.0224632,0.12004
0.0325,-0.0114286,0.119974
0.03,-0.0104162,0.119908
0.0259,-0.000784601,0.119842
0.0313,-0.0504824,0.119776
0.0535,-0.143335,0.119712
0.0893,-0.225744,0.11965
0.1204,-0.214793,0.119592
0.1379,-0.153847,0.119537
0.1405,-0.080402,0.119482
0.1332,-0.027943,0.119426
0.1155,0.031222,0.119367
0.0915,0.072441,0.119306
0.0653,0.0940576,0.119243
0.0413,0.0928116,0.119178
0.0225,0.0744748,0.119113
0.0105,0.0453922,0.119048
0.0055,0.0124746,0.118983
0.0066,-0.0184204,0.118917
0.0101,-0.0318058,0.118852
0.0174,-0.0537348,0.118787
0.0259,-0.0631664,0.118723
0.0342,-0.0655334,0.118658
0.0408,-0.0597272,0.118594
0.0449,-0.0489198,0.118531
0.0461,-0.0349444,0.118467
0.0453,-0.024658,0.118404
0.0426,-0.0141012,0.11834
0.0382,-0.0038268,0.118276
0.033,0.0023192,0.118212
0.0286,0.000208199,0.118148
0.0458,-0.114539,0.118085
0.0528,-0.0662046,0.118023
0.0847,-0.203397,0.117962
0.1136,-0.199968,0.117905
0.1318,-0.153828,0.117851
0.1351,-0.0807738,0.117797
0.1296,-0.0347296,0.117742
0.1133,0.0256316,0.117685
0.0903,0.0681916,0.117625
0.0648,0.0907898,0.117564
0.0411,0.0912042,0.117501
0.0223,0.074192,0.117438
0.0134,0.0282394,0.117375
0.0055,0.0264094,0.117311
0.0028,0.0015144,0.117248
0.0047,-0.0222142,0.117184
0.0081,-0.0310434,0.117121
0.0148,-0.0501654,0.117058
0.0226,-0.0586798,0.116995
0.0301,-0.0599512,0.116933
0.0359,-0.0534394,0.116871
0.0395,-0.043489,0.116808
0.0405,-0.0304952,0.116747
0.0401,-0.0229664,0.116685
0.0438,-0.0446798,0.116623
0.0643,-0.136717,0.116563
0.0999,-0.226455,0.116505
0.1316,-0.219778,0.116452
0.1495,-0.158163,0.116402
0.1519,-0.0819148,0.116352
0.1435,-0.0249068,0.1163
0.124,0.0380776,0.116246
0.0977,0.0823098,0.116189
0.0692,0.104473,0.11613
0.0432,0.102193,0.116069
0.0232,0.0800708,0.116007
0.014,0.0296762,0.115945
0.0063,0.0252304,0.115883
0.0045,-0.0035394,0.115821
0.0058,-0.019525,0.11576
0.0108,-0.0399824,0.115698
0.0182,-0.0549058,0.115637
0.0264,-0.0621656,0.115575
0.0316,-0.049243,0.115515
0.0378,-0.056745,0.115454
0.0421,-0.04901,0.115393
0.0441,-0.0382872,0.115333
0.0435,-0.0250184,0.115273
0.0407,-0.0128516,0.115213
0.0405,-0.0256708,0.115153
0.0559,-0.109717,0.115093
0.0817,-0.171952,0.115036
0.1125,-0.209252,0.114982
0.1329,-0.165458,0.11493
0.1385,-0.0937978,0.114879
0.1353,-0.048643,0.114828
0.121,0.012434,0.114775
0.1069,0.016916,0.114721
0.0831,0.0747908,0.114664
0.0578,0.092294,0.114605
0.0347,0.090454,0.114545
0.0222,0.0424014,0.114485
0.0092,0.0500814,0.114425
0.0019,0.0245098,0.114365
0.0002,-0.002782,0.114305
0.002,-0.0209612,0.114245
0.0077,-0.0426984,0.114185
0.0156,-0.0568224,0.114125
0.0242,-0.0637398,0.114065
0.0295,-0.0493488,0.114006
0.0358,-0.0568754,0.113947
0.0401,-0.0486156,0.113888
0.0419,-0.0368676,0.113829
0.0417,-0.0268084,0.11377
0.0395,-0.0159004,0.113712
0.0356,-0.005733,0.113653
0.0307,0.0014064,0.113594
0.0291,-0.014236,0.113535
0.0612,-0.195417,0.113478
0.0993,-0.24059,0.113424
0.1388,-0.263436,0.113375
0.1845,-0.312902,0.113333
0.2042,-0.19106,0.113296
0.2133,-0.142044,0.113261
0.2012,-0.0315614,0.113223
0.172,0.0652956,0.113179
0.1315,0.137744,0.113129
0.1024,0.092192,0.113076
0.0629,0.159886,0.113019
0.0287,0.147044,0.112961
0.0107,0.0732742,0.112902
-0.0067,0.077316,0.112844
-0.0129,0.0239034,0.112785
-0.0149,0.003823,0.112727
-0.0097,-0.0341454,0.112669
0.0007,-0.0642162,0.11261
0.0094,-0.0591298,0.112552
0.0225,-0.0863384,0.112494
0.0347,-0.0867218,0.112437
0.0415,-0.0624676,0.11238
0.0496,-0.0722152,0.112323
0.0549,-0.0603394,0.112267
0.0698,-0.11427,0.112211
0.0855,-0.124493,0.112157
0.1044,-0.147999,0.112105
0.1144,-0.107457,0.112054
0.1135,-0.052565,0.112003
0.107,-0.0219524,0.111951
0.0913,0.0303256,0.111898
0.0706,0.063594,0.111843
0.0558,0.0399846,0.111787
0.0356,0.075038,0.11173
0.0181,0.0685286,0.111673
0.0053,0.050149,0.111616
0.0001,0.0142344,0.111559
-0.0028,0.0039094,0.111502
-0.0012,-0.019212,0.111444
0.0019,-0.0279262,0.111387
0.0084,-0.0474978,0.11133
0.0161,-0.0565498,0.111274
0.0213,-0.0461006,0.111217
0.0279,-0.0557174,0.111161
0.0315,-0.0421394,0.111104
-0.1146,0.76511,0.111054
0.1086,-1,0.111004
0.1625,-0.346056,0.110961
0.2383,-0.486153,0.110933
0.2907,-0.390431,0.11092
0.3102,-0.234052,0.110912
0.3036,-0.101216,0.110903
0.2718,0.0372476,0.110884
0.2213,0.150753,0.110852
0.1824,0.108144,0.110813
0.1264,0.215929,0.110765
0.0749,0.213966,0.110711
0.0342,0.176224,0.110656
0.0156,0.0731606,0.1106
0.0003,0.0627926,0.110544
-0.0033,0.0057482,0.110488
-0.0008,-0.0257386,0.110432
0.0089,-0.0656148,0.110376
0.0177,-0.0646338,0.110321
0.0316,-0.0957042,0.110265
0.0451,-0.0991312,0.110211
0.0527,-0.072701,0.110156
0.0605,-0.0768578,0.110103
0.0642,-0.057878,0.110049
0.0636,-0.0361782,0.109996
0.0589,-0.0138346,0.109942
0.054,-0.0109016,0.109888
0.0452,0.0121398,0.109834
0.0388,0.0027856,0.10978
0.0266,0.0368374,0.109725
0.0211,0.005761,0.10967
0.0291,-0.0647202,0.109615
0.11,-0.46153,0.109566
0.0833,0.0872258,0.109515
0.1529,-0.422206,0.109471
0.2145,-0.407109,0.10944
0.2465,-0.272286,0.109415
0.2678,-0.227773,0.109396
0.2616,-0.0882714,0.109376
0.2443,-0.0263216,0.109351
0.205,0.0989922,0.109317
0.1727,0.0765672,0.109278
0.1237,0.179424,0.109231
0.0762,0.190787,0.109179
0.0485,0.102801,0.109126
0.0263,0.0841768,0.109072
0.0005,0.112555,0.109017
-0.017,0.0781604,0.108963
-0.0244,0.0307494,0.108909
-0.0237,-0.0098994,0.108855
-0.0116,-0.0716328,0.108801
0.0372,-0.274648,0.108748
0.104,-0.391505,0.108699
0.1429,-0.267789,0.108655
0.181,-0.279333,0.108618
0.1935,-0.156598,0.108582
0.1938,-0.0959068,0.108547
0.1757,0.0032594,0.108508
0.1558,0.0202768,0.108467
0.1206,0.111024,0.10842
0.0818,0.144807,0.10837
0.0454,0.147679,0.108317
0.0254,0.0739718,0.108264
0.0037,0.0914074,0.10821
-0.0096,0.0549514,0.108157
-0.0139,0.011825,0.108104
-0.0148,-0.004728,0.10805
-0.0117,-0.0259232,0.107997
-0.0986,0.459021,0.107949
0.1049,-1,0.107901
0.2402,-0.788245,0.107876
0.3845,-0.891754,0.107896
0.4713,-0.639915,0.107952
0.5786,-0.786473,0.108064
0.6472,-0.621663,0.108217
0.6656,-0.379284,0.108381
0.65,-0.204261,0.108535
0.6156,-0.0976334,0.108668
0.5404,0.135476,0.108758
0.4447,0.275506,0.108802
0.3429,0.346211,0.108806
0.279,0.181922,0.108791
0.1981,0.299114,0.108757
0.1318,0.252598,0.108712
0.0976,0.105797,0.108664
0.0636,0.118452,0.108612
0.0497,0.0235538,0.108561
0.0402,0.005385,0.108508
0.0396,-0.038883,0.108456
0.0444,-0.0678556,0.108404
0.05,-0.074185,0.108352
0.0592,-0.0959832,0.108301
0.0679,-0.0971046,0.108251
0.074,-0.086695,0.108201
0.076,-0.0671432,0.108151
0.0754,-0.0540372,0.108101
0.071,-0.033387,0.108051
0.0662,-0.0295568,0.108
0.0569,-0.0033948,0.10795
0.0497,-0.0110512,0.107898
0.0644,-0.126789,0.107848
0.0779,-0.126128,0.107799
0.1096,-0.229702,0.107752
0.1826,-0.465291,0.107716
0.2419,-0.420413,0.107692
0.2666,-0.257206,0.107674
0.2758,-0.18333,0.107659
0.2665,-0.0870996,0.107641
0.2358,0.0321514,0.107616
0.1898,0.127037,0.107582
0.1551,0.0843592,0.107541
0.1053,0.179718,0.107495
0.074,0.0996588,0.107446
0.0347,0.155341,0.107394
0.0134,0.0738344,0.107343
-0.0414,0.263331,0.107292
0.0994,-0.77119,0.107245
0.2267,-0.755045,0.107218
0.3123,-0.581375,0.107213
0.4241,-0.75788,0.107248
0.4821,-0.512954,0.107308
0.5355,-0.512279,0.107395
0.5478,-0.312674,0.107487
0.5318,-0.165709,0.107571
0.4816,0.024535,0.107631
0.4345,0.0271238,0.10767
0.3827,0.0706864,0.107688
0.3004,0.255596,0.10768
0.2158,0.300582,0.107651
0.1638,0.158108,0.107612
0.1009,0.237608,0.107566
0.067,0.106092,0.107516
0.0218,0.180849,0.107465
0.0092,0.0230368,0.107414
0.0552,-0.288168,0.107364
0.1016,-0.308502,0.107318
0.2441,-0.845997,0.107295
0.3692,-0.80924,0.107309
0.4373,-0.551831,0.107349
0.5056,-0.580674,0.107419
0.527,-0.355378,0.1075
0.5216,-0.219916,0.107579
0.4968,-0.113742,0.107645
0.4383,0.0774338,0.107685
0.3884,0.053714,0.107706
0.3092,0.231328,0.1077
0.2552,0.126419,0.10768
0.1813,0.255082,0.107644
0.1374,0.122319,0.107602
0.136,-0.0899408,0.10756
0.1886,-0.381381,0.107526
0.2277,-0.329902,0.107499
0.2708,-0.367476,0.107483
0.2866,-0.237583,0.107471
0.2891,-0.172299,0.10746
0.2787,-0.10381,0.107446
0.2499,-0.000402004,0.107425
0.2237,-0.003018,0.107397
0.1801,0.101373,0.107362
0.1491,0.0507164,0.107322
0.1052,0.13273,0.107276
0.0776,0.0622052,0.107229
0.0421,0.115872,0.107179
0.0219,0.0474154,0.107129
0.0051,0.037106,0.107078
-0.0152,0.0627286,0.107028
-0.026,0.019571,0.106978
-0.0371,0.0255618,0.106928
-0.0415,-0.0062924,0.106879
-0.0443,-0.012874,0.10683
-0.0444,-0.0257648,0.10678
-0.0407,-0.0453944,0.106731
0.0581,-0.559588,0.106683
0.0958,-0.268202,0.106637
0.2863,-1,0.106625
0.4005,-0.77133,0.106651
0.543,-0.969616,0.106739
0.6377,-0.768541,0.106879
0.6692,-0.465398,0.107038
0.6661,-0.291601,0.107196
0.6365,-0.147848,0.107335
0.5644,0.092921,0.107434
0.5026,0.065532,0.107502
0.4368,0.111242,0.10754
0.3349,0.332027,0.107543
0.233,0.372449,0.107518
0.1713,0.195885,0.107481
0.1192,0.168567,0.107438
0.0738,0.153159,0.10739
0.0365,0.127595,0.107341
0.0274,-0.00972,0.107291
0.0658,-0.262593,0.107244
0.1145,-0.333666,0.1072
0.1427,-0.242584,0.107159
0.1625,-0.208677,0.107122
0.1751,-0.177916,0.107087
0.1824,-0.154559,0.107052
0.1803,-0.106947,0.107018
0.1675,-0.0485484,0.106981
0.1535,-0.037156,0.106942
0.1367,-0.0165806,0.106902
0.1177,0.0019398,0.106859
0.0973,0.0171244,0.106814
0.0761,0.0298174,0.106767
0.1116,-0.267622,0.106723
0.1756,-0.43554,0.106688
0.2644,-0.595037,0.106671
0.3416,-0.568067,0.106676
0.4025,-0.511261,0.106701
0.4591,-0.512939,0.106749
0.4741,-0.311577,0.106804
0.4626,-0.175192,0.106853
0.436,-0.089776,0.106891
0.3779,0.0902776,0.106908
0.3301,0.0572642,0.106909
0.2806,0.0849202,0.106896
0.2053,0.243828,0.106866
0.1551,0.138552,0.106828
0.1098,0.132577,0.106785
0.0684,0.130348,0.106738
0.0304,0.129451,0.106689
-0.0193,0.208941,0.10664
-0.0473,0.112831,0.106593
-0.0688,0.0901324,0.106546
-0.0914,0.105818,0.106501
-0.1009,0.0451892,0.106457
-0.1057,0.024586,0.106413
-0.1061,0.003559,0.10637
-0.1026,-0.0167042,0.106326
-0.0827,-0.106171,0.106281
-0.0267,-0.308816,0.106232
0.0726,-0.565047,0.106186
0.1811,-0.654766,0.106153
0.3194,-0.859706,0.106151
0.3899,-0.549576,0.106172
0.4393,-0.464511,0.106211
0.4772,-0.422637,0.106267
0.4806,-0.25172,0.106323
0.4555,-0.0992164,0.10637
0.4223,-0.0452698,0.106402
0.3814,0.0098814,0.10642
0.3353,0.054694,0.106423
0.286,0.0908356,0.106412
0.2098,0.256273,0.106383
0.1592,0.148971,0.106346
0.1136,0.142602,0.106304
0.0531,0.241706,0.106257
0.0176,0.131234,0.106209
-0.0112,0.109551,0.106161
-0.0445,0.145732,0.106114
-0.061,0.0688312,0.106068
-0.0745,0.0598356,0.106022
-0.0608,-0.0809812,0.105976
-0.0171,-0.247854,0.105928
0.0518,-0.400939,0.105882
0.0928,-0.277467,0.105838
0.1243,-0.242316,0.105797
0.1554,-0.25262,0.10576
0.1668,-0.158653,0.105725
0.1703,-0.120595,0.10569
0.1676,-0.0886402,0.105655
0.1542,-0.0299334,0.105618
0.14,-0.0204492,0.10558
0.1231,-0.000391602,0.105539
0.0943,0.07045,0.105496
0.0736,0.0380524,0.105451
0.0854,-0.12939,0.105407
0.1154,-0.232695,0.105365
0.1645,-0.348247,0.10533
0.2093,-0.345175,0.105302
0.2439,-0.308591,0.105282
0.2746,-0.302002,0.105268
0.2815,-0.186209,0.105257
0.2719,-0.100221,0.105243
0.2542,-0.0525766,0.105225
0.2169,0.0607106,0.105199
0.1866,0.0385434,0.105167
0.1399,0.140219,0.105129
0.1088,0.0757798,0.105087
0.08,0.076972,0.105043
0.0533,0.0783184,0.104997
0.0168,0.143014,0.104951
-0.0046,0.077088,0.104904
-0.022,0.0649656,0.104857
-0.0417,0.0850988,0.104811
-0.0511,0.037927,0.104766
-0.0586,0.0318868,0.104721
-0.0597,0.000684599,0.104676
-0.0568,-0.0202142,0.104631
-0.0524,-0.0292964,0.104585
-0.0438,-0.053594,0.10454
-0.0337,-0.064935,0.104494
-0.0206,-0.0849048,0.104448
-0.0177,-0.034744,0.104401
-0.0444,0.12435,0.104356
0.0573,-0.558095,0.104311
0.1158,-0.365361,0.104271
0.1664,-0.346074,0.104237
0.2205,-0.38532,0.104212
0.2424,-0.233257,0.104192
0.2516,-0.173667,0.104174
0.2372,-0.0501462,0.104153
0.2044,0.0547596,0.104125
0.1757,0.0455404,0.104093
0.1458,0.063432,0.104056
0.1002,0.160323,0.104015
0.0701,0.0952514,0.103971
0.0314,0.154352,0.103926
0.0096,0.0793576,0.10388
-0.0079,0.0657916,0.103834
-0.022,0.0554238,0.103789
-0.0378,0.0712446,0.103743
-0.0449,0.0315464,0.103699
-0.0494,0.021201,0.103654
-0.048,-0.0081028,0.10361
0.0359,-0.453673,0.103565
0.0447,-0.0813722,0.10352
0.1069,-0.373156,0.10348
0.1569,-0.33225,0.103445
0.1879,-0.249889,0.103415
0.1936,-0.125995,0.103386
0.1851,-0.0520042,0.103356
0.1603,0.0390006,0.103322
0.1382,0.0339266,0.103285
0.103,0.113118,0.103244
0.0791,0.0658178,0.103202
0.0468,0.120433,0.103158
0.0277,0.0618052,0.103113
0.0049,0.0892102,0.103068
-0.0068,0.0382384,0.103023
-0.0187,0.0439824,0.102978
-0.0232,0.008974,0.102933
-0.0256,-0.000152601,0.102889
-0.0237,-0.0217264,0.102844
-0.0206,-0.0281454,0.102799
-0.0144,-0.045218,0.102755
-0.0097,-0.0386242,0.10271
-0.0049,-0.0400732,0.102665
